timestamp, name, index, utilization.gpu [%], memory.used [MiB], memory.total [MiB]
2025/04/04 12:34:59.008, NVIDIA A10, 0, 0 %, 1 MiB, 23028 MiB
2025/04/04 12:35:59.008, NVIDIA A10, 0, 0 %, 1 MiB, 23028 MiB
2025/04/04 12:36:59.009, NVIDIA A10, 0, 0 %, 1 MiB, 23028 MiB
2025/04/04 12:37:59.009, NVIDIA A10, 0, 0 %, 1 MiB, 23028 MiB
2025/04/04 12:38:59.010, NVIDIA A10, 0, 0 %, 1 MiB, 23028 MiB
2025/04/04 12:39:59.010, NVIDIA A10, 0, 0 %, 1 MiB, 23028 MiB
2025/04/04 12:40:59.010, NVIDIA A10, 0, 0 %, 1 MiB, 23028 MiB
2025/04/04 12:41:59.011, NVIDIA A10, 0, 0 %, 1 MiB, 23028 MiB
2025/04/04 12:42:59.011, NVIDIA A10, 0, 0 %, 1 MiB, 23028 MiB
2025/04/04 12:43:59.012, NVIDIA A10, 0, 0 %, 1 MiB, 23028 MiB
2025/04/04 12:44:59.012, NVIDIA A10, 0, 0 %, 1 MiB, 23028 MiB
2025/04/04 12:45:59.013, NVIDIA A10, 0, 0 %, 1 MiB, 23028 MiB
2025/04/04 12:46:59.014, NVIDIA A10, 0, 0 %, 1 MiB, 23028 MiB
2025/04/04 12:47:59.014, NVIDIA A10, 0, 0 %, 1 MiB, 23028 MiB
2025/04/04 12:48:59.015, NVIDIA A10, 0, 0 %, 1 MiB, 23028 MiB
2025/04/04 12:49:59.015, NVIDIA A10, 0, 0 %, 1 MiB, 23028 MiB
2025/04/04 12:50:59.016, NVIDIA A10, 0, 0 %, 1 MiB, 23028 MiB
2025/04/04 12:51:59.016, NVIDIA A10, 0, 0 %, 1 MiB, 23028 MiB
2025/04/04 12:52:59.016, NVIDIA A10, 0, 0 %, 1 MiB, 23028 MiB
2025/04/04 12:53:59.016, NVIDIA A10, 0, 0 %, 1 MiB, 23028 MiB
2025/04/04 12:54:59.016, NVIDIA A10, 0, 0 %, 1 MiB, 23028 MiB
2025/04/04 12:55:59.017, NVIDIA A10, 0, 0 %, 1 MiB, 23028 MiB
2025/04/04 12:56:59.017, NVIDIA A10, 0, 0 %, 1 MiB, 23028 MiB
2025/04/04 12:57:59.018, NVIDIA A10, 0, 0 %, 1 MiB, 23028 MiB
2025/04/04 12:58:59.018, NVIDIA A10, 0, 0 %, 1 MiB, 23028 MiB
2025/04/04 12:59:59.019, NVIDIA A10, 0, 0 %, 1 MiB, 23028 MiB
2025/04/04 13:00:59.019, NVIDIA A10, 0, 0 %, 1 MiB, 23028 MiB
2025/04/04 13:01:59.020, NVIDIA A10, 0, 0 %, 1 MiB, 23028 MiB
2025/04/04 13:02:59.020, NVIDIA A10, 0, 0 %, 1 MiB, 23028 MiB
2025/04/04 13:03:59.021, NVIDIA A10, 0, 0 %, 1 MiB, 23028 MiB
2025/04/04 13:04:59.021, NVIDIA A10, 0, 0 %, 1 MiB, 23028 MiB
2025/04/04 13:05:59.021, NVIDIA A10, 0, 0 %, 1 MiB, 23028 MiB
2025/04/04 13:06:59.022, NVIDIA A10, 0, 0 %, 1 MiB, 23028 MiB
2025/04/04 13:07:59.022, NVIDIA A10, 0, 0 %, 1 MiB, 23028 MiB
2025/04/04 13:08:59.022, NVIDIA A10, 0, 0 %, 1 MiB, 23028 MiB
2025/04/04 13:09:59.023, NVIDIA A10, 0, 0 %, 1 MiB, 23028 MiB
2025/04/04 13:10:59.023, NVIDIA A10, 0, 0 %, 709 MiB, 23028 MiB
2025/04/04 13:11:59.023, NVIDIA A10, 0, 100 %, 3351 MiB, 23028 MiB
2025/04/04 13:12:59.024, NVIDIA A10, 0, 100 %, 3351 MiB, 23028 MiB
2025/04/04 13:13:59.024, NVIDIA A10, 0, 100 %, 3351 MiB, 23028 MiB
2025/04/04 13:14:59.025, NVIDIA A10, 0, 86 %, 3351 MiB, 23028 MiB
2025/04/04 13:15:59.025, NVIDIA A10, 0, 100 %, 3351 MiB, 23028 MiB
2025/04/04 13:16:59.025, NVIDIA A10, 0, 86 %, 3351 MiB, 23028 MiB
2025/04/04 13:17:59.026, NVIDIA A10, 0, 100 %, 3351 MiB, 23028 MiB
2025/04/04 13:18:59.026, NVIDIA A10, 0, 100 %, 3351 MiB, 23028 MiB
2025/04/04 13:19:59.026, NVIDIA A10, 0, 95 %, 3351 MiB, 23028 MiB
2025/04/04 13:20:59.026, NVIDIA A10, 0, 100 %, 3351 MiB, 23028 MiB
2025/04/04 13:21:59.027, NVIDIA A10, 0, 100 %, 3351 MiB, 23028 MiB
2025/04/04 13:22:59.027, NVIDIA A10, 0, 96 %, 3351 MiB, 23028 MiB
2025/04/04 13:23:59.026, NVIDIA A10, 0, 100 %, 3351 MiB, 23028 MiB
2025/04/04 13:24:59.026, NVIDIA A10, 0, 100 %, 3351 MiB, 23028 MiB
2025/04/04 13:25:59.026, NVIDIA A10, 0, 100 %, 3351 MiB, 23028 MiB
2025/04/04 13:26:59.026, NVIDIA A10, 0, 100 %, 3351 MiB, 23028 MiB
2025/04/04 13:27:59.027, NVIDIA A10, 0, 100 %, 3351 MiB, 23028 MiB
2025/04/04 13:28:59.027, NVIDIA A10, 0, 100 %, 3351 MiB, 23028 MiB
2025/04/04 13:29:59.027, NVIDIA A10, 0, 100 %, 3351 MiB, 23028 MiB
2025/04/04 13:30:59.027, NVIDIA A10, 0, 100 %, 3351 MiB, 23028 MiB
2025/04/04 13:31:59.027, NVIDIA A10, 0, 100 %, 3351 MiB, 23028 MiB
2025/04/04 13:32:59.028, NVIDIA A10, 0, 85 %, 3351 MiB, 23028 MiB
2025/04/04 13:33:59.028, NVIDIA A10, 0, 100 %, 3351 MiB, 23028 MiB
2025/04/04 13:34:59.028, NVIDIA A10, 0, 100 %, 3351 MiB, 23028 MiB
2025/04/04 13:35:59.028, NVIDIA A10, 0, 85 %, 3351 MiB, 23028 MiB
2025/04/04 13:36:59.029, NVIDIA A10, 0, 100 %, 3351 MiB, 23028 MiB
2025/04/04 13:37:59.029, NVIDIA A10, 0, 100 %, 3351 MiB, 23028 MiB
2025/04/04 13:38:59.029, NVIDIA A10, 0, 100 %, 3351 MiB, 23028 MiB
2025/04/04 13:39:59.030, NVIDIA A10, 0, 86 %, 3351 MiB, 23028 MiB
2025/04/04 13:40:59.030, NVIDIA A10, 0, 100 %, 3351 MiB, 23028 MiB
2025/04/04 13:41:59.030, NVIDIA A10, 0, 100 %, 3351 MiB, 23028 MiB
2025/04/04 13:42:59.030, NVIDIA A10, 0, 100 %, 3351 MiB, 23028 MiB
2025/04/04 13:43:59.031, NVIDIA A10, 0, 100 %, 3351 MiB, 23028 MiB
2025/04/04 13:44:59.031, NVIDIA A10, 0, 100 %, 3351 MiB, 23028 MiB
2025/04/04 13:45:59.031, NVIDIA A10, 0, 100 %, 3351 MiB, 23028 MiB
2025/04/04 13:46:59.031, NVIDIA A10, 0, 100 %, 3351 MiB, 23028 MiB
2025/04/04 13:47:59.031, NVIDIA A10, 0, 86 %, 3351 MiB, 23028 MiB
2025/04/04 13:48:59.031, NVIDIA A10, 0, 85 %, 3351 MiB, 23028 MiB
2025/04/04 13:49:59.032, NVIDIA A10, 0, 86 %, 3351 MiB, 23028 MiB
2025/04/04 13:50:59.032, NVIDIA A10, 0, 100 %, 3351 MiB, 23028 MiB
2025/04/04 13:51:59.032, NVIDIA A10, 0, 89 %, 3351 MiB, 23028 MiB
2025/04/04 13:52:59.033, NVIDIA A10, 0, 100 %, 3351 MiB, 23028 MiB
2025/04/04 13:53:59.033, NVIDIA A10, 0, 100 %, 3351 MiB, 23028 MiB
2025/04/04 13:54:59.033, NVIDIA A10, 0, 100 %, 3351 MiB, 23028 MiB
2025/04/04 13:55:59.033, NVIDIA A10, 0, 100 %, 3351 MiB, 23028 MiB
2025/04/04 13:56:59.034, NVIDIA A10, 0, 100 %, 3351 MiB, 23028 MiB
2025/04/04 13:57:59.034, NVIDIA A10, 0, 100 %, 3351 MiB, 23028 MiB
2025/04/04 13:58:59.034, NVIDIA A10, 0, 100 %, 3351 MiB, 23028 MiB
2025/04/04 13:59:59.034, NVIDIA A10, 0, 100 %, 3351 MiB, 23028 MiB
2025/04/04 14:00:59.034, NVIDIA A10, 0, 100 %, 3351 MiB, 23028 MiB
2025/04/04 14:01:59.034, NVIDIA A10, 0, 100 %, 3351 MiB, 23028 MiB
2025/04/04 14:02:59.034, NVIDIA A10, 0, 100 %, 3351 MiB, 23028 MiB
2025/04/04 14:03:59.035, NVIDIA A10, 0, 100 %, 3351 MiB, 23028 MiB
2025/04/04 14:04:59.035, NVIDIA A10, 0, 85 %, 3351 MiB, 23028 MiB
2025/04/04 14:05:59.035, NVIDIA A10, 0, 100 %, 3351 MiB, 23028 MiB
2025/04/04 14:06:59.035, NVIDIA A10, 0, 100 %, 3351 MiB, 23028 MiB
2025/04/04 14:07:59.036, NVIDIA A10, 0, 86 %, 3351 MiB, 23028 MiB
2025/04/04 14:08:59.036, NVIDIA A10, 0, 100 %, 3351 MiB, 23028 MiB
2025/04/04 14:09:59.036, NVIDIA A10, 0, 86 %, 3351 MiB, 23028 MiB
2025/04/04 14:10:59.037, NVIDIA A10, 0, 96 %, 3351 MiB, 23028 MiB
2025/04/04 14:11:59.037, NVIDIA A10, 0, 100 %, 3351 MiB, 23028 MiB
2025/04/04 14:12:59.037, NVIDIA A10, 0, 100 %, 3351 MiB, 23028 MiB
2025/04/04 14:13:59.038, NVIDIA A10, 0, 100 %, 3351 MiB, 23028 MiB
2025/04/04 14:14:59.038, NVIDIA A10, 0, 86 %, 3351 MiB, 23028 MiB
2025/04/04 14:15:59.038, NVIDIA A10, 0, 100 %, 3351 MiB, 23028 MiB
2025/04/04 14:16:59.038, NVIDIA A10, 0, 100 %, 3351 MiB, 23028 MiB
2025/04/04 14:17:59.039, NVIDIA A10, 0, 86 %, 3351 MiB, 23028 MiB
2025/04/04 14:18:59.039, NVIDIA A10, 0, 100 %, 3351 MiB, 23028 MiB
2025/04/04 14:19:59.039, NVIDIA A10, 0, 100 %, 3351 MiB, 23028 MiB
2025/04/04 14:20:59.039, NVIDIA A10, 0, 100 %, 3351 MiB, 23028 MiB
2025/04/04 14:21:59.040, NVIDIA A10, 0, 100 %, 3351 MiB, 23028 MiB
2025/04/04 14:22:59.040, NVIDIA A10, 0, 85 %, 3351 MiB, 23028 MiB
2025/04/04 14:23:59.040, NVIDIA A10, 0, 100 %, 3351 MiB, 23028 MiB
2025/04/04 14:24:59.040, NVIDIA A10, 0, 86 %, 3351 MiB, 23028 MiB
2025/04/04 14:25:59.041, NVIDIA A10, 0, 87 %, 3351 MiB, 23028 MiB
2025/04/04 14:26:59.041, NVIDIA A10, 0, 100 %, 3351 MiB, 23028 MiB
2025/04/04 14:27:59.041, NVIDIA A10, 0, 100 %, 3351 MiB, 23028 MiB
2025/04/04 14:28:59.042, NVIDIA A10, 0, 100 %, 3351 MiB, 23028 MiB
2025/04/04 14:29:59.042, NVIDIA A10, 0, 100 %, 3351 MiB, 23028 MiB
2025/04/04 14:30:59.042, NVIDIA A10, 0, 85 %, 3351 MiB, 23028 MiB
2025/04/04 14:31:59.042, NVIDIA A10, 0, 100 %, 3351 MiB, 23028 MiB
2025/04/04 14:32:59.042, NVIDIA A10, 0, 100 %, 3351 MiB, 23028 MiB
2025/04/04 14:33:59.042, NVIDIA A10, 0, 95 %, 3351 MiB, 23028 MiB
2025/04/04 14:34:59.043, NVIDIA A10, 0, 100 %, 3351 MiB, 23028 MiB
2025/04/04 14:35:59.043, NVIDIA A10, 0, 100 %, 3351 MiB, 23028 MiB
2025/04/04 14:36:59.042, NVIDIA A10, 0, 100 %, 3351 MiB, 23028 MiB
2025/04/04 14:37:59.043, NVIDIA A10, 0, 100 %, 3351 MiB, 23028 MiB
2025/04/04 14:38:59.043, NVIDIA A10, 0, 100 %, 3351 MiB, 23028 MiB
2025/04/04 14:39:59.043, NVIDIA A10, 0, 100 %, 3351 MiB, 23028 MiB
2025/04/04 14:40:59.043, NVIDIA A10, 0, 100 %, 3351 MiB, 23028 MiB
2025/04/04 14:41:59.044, NVIDIA A10, 0, 100 %, 3351 MiB, 23028 MiB
2025/04/04 14:42:59.044, NVIDIA A10, 0, 100 %, 3351 MiB, 23028 MiB
2025/04/04 14:43:59.044, NVIDIA A10, 0, 100 %, 3351 MiB, 23028 MiB
2025/04/04 14:44:59.045, NVIDIA A10, 0, 100 %, 3351 MiB, 23028 MiB
2025/04/04 14:45:59.045, NVIDIA A10, 0, 100 %, 3351 MiB, 23028 MiB
2025/04/04 14:46:59.045, NVIDIA A10, 0, 86 %, 3351 MiB, 23028 MiB
2025/04/04 14:47:59.045, NVIDIA A10, 0, 87 %, 3351 MiB, 23028 MiB
2025/04/04 14:48:59.046, NVIDIA A10, 0, 89 %, 3351 MiB, 23028 MiB
2025/04/04 14:49:59.046, NVIDIA A10, 0, 100 %, 3351 MiB, 23028 MiB
2025/04/04 14:50:59.046, NVIDIA A10, 0, 86 %, 3351 MiB, 23028 MiB
2025/04/04 14:51:59.046, NVIDIA A10, 0, 100 %, 3351 MiB, 23028 MiB
2025/04/04 14:52:59.047, NVIDIA A10, 0, 85 %, 3351 MiB, 23028 MiB
2025/04/04 14:53:59.047, NVIDIA A10, 0, 100 %, 3351 MiB, 23028 MiB
2025/04/04 14:54:59.047, NVIDIA A10, 0, 100 %, 3351 MiB, 23028 MiB
2025/04/04 14:55:59.047, NVIDIA A10, 0, 100 %, 3351 MiB, 23028 MiB
2025/04/04 14:56:59.048, NVIDIA A10, 0, 100 %, 3351 MiB, 23028 MiB
2025/04/04 14:57:59.048, NVIDIA A10, 0, 100 %, 3351 MiB, 23028 MiB
2025/04/04 14:58:59.048, NVIDIA A10, 0, 100 %, 3351 MiB, 23028 MiB
2025/04/04 14:59:59.048, NVIDIA A10, 0, 100 %, 3351 MiB, 23028 MiB
2025/04/04 15:00:59.049, NVIDIA A10, 0, 100 %, 3351 MiB, 23028 MiB
2025/04/04 15:01:59.049, NVIDIA A10, 0, 100 %, 3351 MiB, 23028 MiB
2025/04/04 15:02:59.049, NVIDIA A10, 0, 86 %, 3351 MiB, 23028 MiB
2025/04/04 15:03:59.050, NVIDIA A10, 0, 100 %, 3351 MiB, 23028 MiB
2025/04/04 15:04:59.050, NVIDIA A10, 0, 85 %, 3351 MiB, 23028 MiB
2025/04/04 15:05:59.050, NVIDIA A10, 0, 100 %, 3351 MiB, 23028 MiB
2025/04/04 15:06:59.050, NVIDIA A10, 0, 100 %, 3351 MiB, 23028 MiB
2025/04/04 15:07:59.051, NVIDIA A10, 0, 100 %, 3351 MiB, 23028 MiB
2025/04/04 15:08:59.051, NVIDIA A10, 0, 100 %, 3351 MiB, 23028 MiB
2025/04/04 15:09:59.051, NVIDIA A10, 0, 100 %, 3351 MiB, 23028 MiB
2025/04/04 15:10:59.052, NVIDIA A10, 0, 87 %, 3351 MiB, 23028 MiB
2025/04/04 15:11:59.052, NVIDIA A10, 0, 100 %, 3351 MiB, 23028 MiB
2025/04/04 15:12:59.052, NVIDIA A10, 0, 94 %, 3351 MiB, 23028 MiB
2025/04/04 15:13:59.052, NVIDIA A10, 0, 86 %, 3351 MiB, 23028 MiB
2025/04/04 15:14:59.053, NVIDIA A10, 0, 100 %, 3351 MiB, 23028 MiB
2025/04/04 15:15:59.053, NVIDIA A10, 0, 100 %, 3351 MiB, 23028 MiB
2025/04/04 15:16:59.053, NVIDIA A10, 0, 100 %, 3351 MiB, 23028 MiB
2025/04/04 15:17:59.053, NVIDIA A10, 0, 100 %, 3351 MiB, 23028 MiB
2025/04/04 15:18:59.054, NVIDIA A10, 0, 89 %, 3351 MiB, 23028 MiB
2025/04/04 15:19:59.054, NVIDIA A10, 0, 100 %, 3351 MiB, 23028 MiB
2025/04/04 15:20:59.054, NVIDIA A10, 0, 100 %, 3351 MiB, 23028 MiB
2025/04/04 15:21:59.054, NVIDIA A10, 0, 100 %, 3351 MiB, 23028 MiB
2025/04/04 15:22:59.055, NVIDIA A10, 0, 100 %, 3351 MiB, 23028 MiB
2025/04/04 15:23:59.055, NVIDIA A10, 0, 100 %, 3351 MiB, 23028 MiB
2025/04/04 15:24:59.055, NVIDIA A10, 0, 86 %, 3351 MiB, 23028 MiB
2025/04/04 15:25:59.055, NVIDIA A10, 0, 100 %, 3351 MiB, 23028 MiB
2025/04/04 15:26:59.055, NVIDIA A10, 0, 85 %, 3351 MiB, 23028 MiB
2025/04/04 15:27:59.056, NVIDIA A10, 0, 100 %, 3351 MiB, 23028 MiB
2025/04/04 15:28:59.056, NVIDIA A10, 0, 100 %, 3351 MiB, 23028 MiB
2025/04/04 15:29:59.056, NVIDIA A10, 0, 100 %, 3351 MiB, 23028 MiB
2025/04/04 15:30:59.057, NVIDIA A10, 0, 100 %, 3351 MiB, 23028 MiB
2025/04/04 15:31:59.057, NVIDIA A10, 0, 86 %, 3351 MiB, 23028 MiB
2025/04/04 15:32:59.057, NVIDIA A10, 0, 100 %, 3351 MiB, 23028 MiB
2025/04/04 15:33:59.057, NVIDIA A10, 0, 100 %, 3351 MiB, 23028 MiB
2025/04/04 15:34:59.057, NVIDIA A10, 0, 100 %, 3351 MiB, 23028 MiB
2025/04/04 15:35:59.057, NVIDIA A10, 0, 100 %, 3351 MiB, 23028 MiB
2025/04/04 15:36:59.057, NVIDIA A10, 0, 86 %, 3351 MiB, 23028 MiB
2025/04/04 15:37:59.057, NVIDIA A10, 0, 100 %, 3351 MiB, 23028 MiB
2025/04/04 15:38:59.058, NVIDIA A10, 0, 100 %, 3351 MiB, 23028 MiB
2025/04/04 15:39:59.058, NVIDIA A10, 0, 100 %, 3351 MiB, 23028 MiB
2025/04/04 15:40:59.058, NVIDIA A10, 0, 100 %, 3351 MiB, 23028 MiB
2025/04/04 15:41:59.058, NVIDIA A10, 0, 86 %, 3351 MiB, 23028 MiB
2025/04/04 15:42:59.059, NVIDIA A10, 0, 86 %, 3351 MiB, 23028 MiB
2025/04/04 15:43:59.059, NVIDIA A10, 0, 87 %, 3351 MiB, 23028 MiB
2025/04/04 15:44:59.059, NVIDIA A10, 0, 100 %, 3351 MiB, 23028 MiB
2025/04/04 15:45:59.059, NVIDIA A10, 0, 100 %, 3351 MiB, 23028 MiB
2025/04/04 15:46:59.059, NVIDIA A10, 0, 95 %, 3351 MiB, 23028 MiB
2025/04/04 15:47:59.060, NVIDIA A10, 0, 100 %, 3351 MiB, 23028 MiB
2025/04/04 15:48:59.060, NVIDIA A10, 0, 100 %, 3351 MiB, 23028 MiB
2025/04/04 15:49:59.060, NVIDIA A10, 0, 100 %, 3351 MiB, 23028 MiB
2025/04/04 15:50:59.060, NVIDIA A10, 0, 100 %, 3351 MiB, 23028 MiB
2025/04/04 15:51:59.061, NVIDIA A10, 0, 94 %, 3351 MiB, 23028 MiB
2025/04/04 15:52:59.061, NVIDIA A10, 0, 100 %, 3351 MiB, 23028 MiB
2025/04/04 15:53:59.061, NVIDIA A10, 0, 86 %, 3351 MiB, 23028 MiB
2025/04/04 15:54:59.061, NVIDIA A10, 0, 100 %, 3351 MiB, 23028 MiB
2025/04/04 15:55:59.061, NVIDIA A10, 0, 100 %, 3351 MiB, 23028 MiB
2025/04/04 15:56:59.060, NVIDIA A10, 0, 100 %, 3351 MiB, 23028 MiB
2025/04/04 15:57:59.061, NVIDIA A10, 0, 86 %, 3351 MiB, 23028 MiB
2025/04/04 15:58:59.061, NVIDIA A10, 0, 100 %, 3351 MiB, 23028 MiB
2025/04/04 15:59:59.061, NVIDIA A10, 0, 100 %, 3351 MiB, 23028 MiB
2025/04/04 16:00:59.061, NVIDIA A10, 0, 100 %, 3351 MiB, 23028 MiB
2025/04/04 16:01:59.062, NVIDIA A10, 0, 100 %, 3351 MiB, 23028 MiB
2025/04/04 16:02:59.062, NVIDIA A10, 0, 100 %, 3351 MiB, 23028 MiB
2025/04/04 16:03:59.062, NVIDIA A10, 0, 100 %, 3351 MiB, 23028 MiB
2025/04/04 16:04:59.062, NVIDIA A10, 0, 100 %, 3351 MiB, 23028 MiB
2025/04/04 16:05:59.063, NVIDIA A10, 0, 100 %, 3351 MiB, 23028 MiB
2025/04/04 16:06:59.062, NVIDIA A10, 0, 100 %, 3351 MiB, 23028 MiB
2025/04/04 16:07:59.061, NVIDIA A10, 0, 100 %, 3351 MiB, 23028 MiB
2025/04/04 16:08:59.061, NVIDIA A10, 0, 100 %, 3351 MiB, 23028 MiB
2025/04/04 16:09:59.060, NVIDIA A10, 0, 100 %, 3351 MiB, 23028 MiB
2025/04/04 16:10:59.061, NVIDIA A10, 0, 98 %, 3351 MiB, 23028 MiB
2025/04/04 16:11:59.060, NVIDIA A10, 0, 100 %, 3351 MiB, 23028 MiB
2025/04/04 16:12:59.059, NVIDIA A10, 0, 96 %, 3351 MiB, 23028 MiB
2025/04/04 16:13:59.059, NVIDIA A10, 0, 85 %, 3351 MiB, 23028 MiB
2025/04/04 16:14:59.058, NVIDIA A10, 0, 100 %, 3351 MiB, 23028 MiB
2025/04/04 16:15:59.059, NVIDIA A10, 0, 100 %, 3351 MiB, 23028 MiB
2025/04/04 16:16:59.059, NVIDIA A10, 0, 100 %, 3351 MiB, 23028 MiB
2025/04/04 16:17:59.059, NVIDIA A10, 0, 100 %, 3351 MiB, 23028 MiB
2025/04/04 16:18:59.060, NVIDIA A10, 0, 86 %, 3351 MiB, 23028 MiB
2025/04/04 16:19:59.060, NVIDIA A10, 0, 100 %, 3351 MiB, 23028 MiB
2025/04/04 16:20:59.060, NVIDIA A10, 0, 100 %, 3351 MiB, 23028 MiB
2025/04/04 16:21:59.060, NVIDIA A10, 0, 97 %, 3351 MiB, 23028 MiB
2025/04/04 16:22:59.061, NVIDIA A10, 0, 100 %, 3351 MiB, 23028 MiB
2025/04/04 16:23:59.061, NVIDIA A10, 0, 100 %, 3351 MiB, 23028 MiB
2025/04/04 16:24:59.061, NVIDIA A10, 0, 100 %, 3351 MiB, 23028 MiB
2025/04/04 16:25:59.061, NVIDIA A10, 0, 100 %, 3351 MiB, 23028 MiB
2025/04/04 16:26:59.061, NVIDIA A10, 0, 86 %, 3351 MiB, 23028 MiB
2025/04/04 16:27:59.061, NVIDIA A10, 0, 85 %, 3351 MiB, 23028 MiB
2025/04/04 16:28:59.062, NVIDIA A10, 0, 86 %, 3351 MiB, 23028 MiB
2025/04/04 16:29:59.061, NVIDIA A10, 0, 100 %, 3351 MiB, 23028 MiB
2025/04/04 16:30:59.061, NVIDIA A10, 0, 100 %, 3351 MiB, 23028 MiB
2025/04/04 16:31:59.062, NVIDIA A10, 0, 100 %, 3351 MiB, 23028 MiB
2025/04/04 16:32:59.062, NVIDIA A10, 0, 100 %, 3351 MiB, 23028 MiB
2025/04/04 16:33:59.062, NVIDIA A10, 0, 100 %, 3351 MiB, 23028 MiB
2025/04/04 16:34:59.062, NVIDIA A10, 0, 100 %, 3351 MiB, 23028 MiB
2025/04/04 16:35:59.063, NVIDIA A10, 0, 86 %, 3351 MiB, 23028 MiB
2025/04/04 16:36:59.063, NVIDIA A10, 0, 88 %, 3351 MiB, 23028 MiB
2025/04/04 16:37:59.063, NVIDIA A10, 0, 100 %, 3351 MiB, 23028 MiB
2025/04/04 16:38:59.063, NVIDIA A10, 0, 86 %, 3351 MiB, 23028 MiB
2025/04/04 16:39:59.064, NVIDIA A10, 0, 100 %, 3351 MiB, 23028 MiB
2025/04/04 16:40:59.064, NVIDIA A10, 0, 100 %, 3351 MiB, 23028 MiB
2025/04/04 16:41:59.064, NVIDIA A10, 0, 100 %, 3351 MiB, 23028 MiB
2025/04/04 16:42:59.064, NVIDIA A10, 0, 100 %, 3351 MiB, 23028 MiB
2025/04/04 16:43:59.064, NVIDIA A10, 0, 100 %, 3351 MiB, 23028 MiB
2025/04/04 16:44:59.065, NVIDIA A10, 0, 100 %, 3351 MiB, 23028 MiB
2025/04/04 16:45:59.065, NVIDIA A10, 0, 100 %, 3351 MiB, 23028 MiB
2025/04/04 16:46:59.065, NVIDIA A10, 0, 85 %, 3351 MiB, 23028 MiB
2025/04/04 16:47:59.065, NVIDIA A10, 0, 100 %, 3351 MiB, 23028 MiB
2025/04/04 16:48:59.065, NVIDIA A10, 0, 100 %, 3351 MiB, 23028 MiB
2025/04/04 16:49:59.066, NVIDIA A10, 0, 100 %, 3351 MiB, 23028 MiB
2025/04/04 16:50:59.066, NVIDIA A10, 0, 100 %, 3351 MiB, 23028 MiB
2025/04/04 16:51:59.066, NVIDIA A10, 0, 100 %, 3351 MiB, 23028 MiB
2025/04/04 16:52:59.066, NVIDIA A10, 0, 100 %, 3351 MiB, 23028 MiB
2025/04/04 16:53:59.066, NVIDIA A10, 0, 100 %, 3351 MiB, 23028 MiB
2025/04/04 16:54:59.067, NVIDIA A10, 0, 100 %, 3351 MiB, 23028 MiB
2025/04/04 16:55:59.067, NVIDIA A10, 0, 100 %, 3351 MiB, 23028 MiB
2025/04/04 16:56:59.067, NVIDIA A10, 0, 95 %, 3351 MiB, 23028 MiB
2025/04/04 16:57:59.067, NVIDIA A10, 0, 100 %, 3351 MiB, 23028 MiB
2025/04/04 16:58:59.067, NVIDIA A10, 0, 100 %, 3351 MiB, 23028 MiB
2025/04/04 16:59:59.068, NVIDIA A10, 0, 86 %, 3351 MiB, 23028 MiB
2025/04/04 17:00:59.068, NVIDIA A10, 0, 100 %, 3351 MiB, 23028 MiB
2025/04/04 17:01:59.068, NVIDIA A10, 0, 100 %, 3351 MiB, 23028 MiB
2025/04/04 17:02:59.068, NVIDIA A10, 0, 100 %, 3351 MiB, 23028 MiB
2025/04/04 17:03:59.069, NVIDIA A10, 0, 86 %, 3351 MiB, 23028 MiB
2025/04/04 17:04:59.069, NVIDIA A10, 0, 100 %, 3351 MiB, 23028 MiB
2025/04/04 17:05:59.069, NVIDIA A10, 0, 100 %, 3351 MiB, 23028 MiB
2025/04/04 17:06:59.069, NVIDIA A10, 0, 100 %, 3351 MiB, 23028 MiB
2025/04/04 17:07:59.070, NVIDIA A10, 0, 95 %, 3351 MiB, 23028 MiB
2025/04/04 17:08:59.070, NVIDIA A10, 0, 100 %, 3351 MiB, 23028 MiB
2025/04/04 17:09:59.070, NVIDIA A10, 0, 100 %, 3351 MiB, 23028 MiB
2025/04/04 17:10:59.070, NVIDIA A10, 0, 86 %, 3351 MiB, 23028 MiB
2025/04/04 17:11:59.071, NVIDIA A10, 0, 100 %, 3351 MiB, 23028 MiB
2025/04/04 17:12:59.071, NVIDIA A10, 0, 100 %, 3351 MiB, 23028 MiB
2025/04/04 17:13:59.071, NVIDIA A10, 0, 100 %, 3351 MiB, 23028 MiB
2025/04/04 17:14:59.071, NVIDIA A10, 0, 100 %, 3351 MiB, 23028 MiB
2025/04/04 17:15:59.072, NVIDIA A10, 0, 100 %, 3351 MiB, 23028 MiB
2025/04/04 17:16:59.072, NVIDIA A10, 0, 100 %, 3351 MiB, 23028 MiB
2025/04/04 17:17:59.072, NVIDIA A10, 0, 100 %, 3351 MiB, 23028 MiB
2025/04/04 17:18:59.072, NVIDIA A10, 0, 100 %, 3351 MiB, 23028 MiB
2025/04/04 17:19:59.073, NVIDIA A10, 0, 100 %, 3351 MiB, 23028 MiB
2025/04/04 17:20:59.073, NVIDIA A10, 0, 100 %, 3351 MiB, 23028 MiB
2025/04/04 17:21:59.073, NVIDIA A10, 0, 85 %, 3351 MiB, 23028 MiB
2025/04/04 17:22:59.073, NVIDIA A10, 0, 100 %, 3351 MiB, 23028 MiB
2025/04/04 17:23:59.073, NVIDIA A10, 0, 86 %, 3351 MiB, 23028 MiB
2025/04/04 17:24:59.074, NVIDIA A10, 0, 100 %, 3351 MiB, 23028 MiB
2025/04/04 17:25:59.074, NVIDIA A10, 0, 86 %, 3351 MiB, 23028 MiB
2025/04/04 17:26:59.074, NVIDIA A10, 0, 100 %, 3351 MiB, 23028 MiB
2025/04/04 17:27:59.074, NVIDIA A10, 0, 85 %, 3351 MiB, 23028 MiB
2025/04/04 17:28:59.075, NVIDIA A10, 0, 100 %, 3351 MiB, 23028 MiB
2025/04/04 17:29:59.075, NVIDIA A10, 0, 85 %, 3351 MiB, 23028 MiB
2025/04/04 17:30:59.075, NVIDIA A10, 0, 100 %, 3351 MiB, 23028 MiB
2025/04/04 17:31:59.075, NVIDIA A10, 0, 100 %, 3351 MiB, 23028 MiB
2025/04/04 17:32:59.076, NVIDIA A10, 0, 100 %, 3351 MiB, 23028 MiB
2025/04/04 17:33:59.076, NVIDIA A10, 0, 100 %, 3351 MiB, 23028 MiB
2025/04/04 17:34:59.076, NVIDIA A10, 0, 100 %, 3351 MiB, 23028 MiB
2025/04/04 17:35:59.076, NVIDIA A10, 0, 85 %, 3351 MiB, 23028 MiB
2025/04/04 17:36:59.077, NVIDIA A10, 0, 100 %, 3351 MiB, 23028 MiB
2025/04/04 17:37:59.077, NVIDIA A10, 0, 100 %, 3351 MiB, 23028 MiB
2025/04/04 17:38:59.077, NVIDIA A10, 0, 100 %, 3351 MiB, 23028 MiB
2025/04/04 17:39:59.077, NVIDIA A10, 0, 100 %, 3351 MiB, 23028 MiB
2025/04/04 17:40:59.077, NVIDIA A10, 0, 100 %, 3351 MiB, 23028 MiB
2025/04/04 17:41:59.077, NVIDIA A10, 0, 100 %, 3351 MiB, 23028 MiB
2025/04/04 17:42:59.077, NVIDIA A10, 0, 100 %, 3351 MiB, 23028 MiB
2025/04/04 17:43:59.078, NVIDIA A10, 0, 100 %, 3351 MiB, 23028 MiB
2025/04/04 17:44:59.078, NVIDIA A10, 0, 100 %, 3351 MiB, 23028 MiB
2025/04/04 17:45:59.078, NVIDIA A10, 0, 86 %, 3351 MiB, 23028 MiB
2025/04/04 17:46:59.078, NVIDIA A10, 0, 100 %, 3351 MiB, 23028 MiB
2025/04/04 17:47:59.079, NVIDIA A10, 0, 91 %, 3351 MiB, 23028 MiB
2025/04/04 17:48:59.079, NVIDIA A10, 0, 100 %, 3351 MiB, 23028 MiB
2025/04/04 17:49:59.079, NVIDIA A10, 0, 100 %, 3351 MiB, 23028 MiB
2025/04/04 17:50:59.080, NVIDIA A10, 0, 100 %, 3351 MiB, 23028 MiB
2025/04/04 17:51:59.080, NVIDIA A10, 0, 100 %, 3351 MiB, 23028 MiB
2025/04/04 17:52:59.080, NVIDIA A10, 0, 100 %, 3351 MiB, 23028 MiB
2025/04/04 17:53:59.080, NVIDIA A10, 0, 100 %, 3351 MiB, 23028 MiB
2025/04/04 17:54:59.081, NVIDIA A10, 0, 100 %, 3351 MiB, 23028 MiB
2025/04/04 17:55:59.081, NVIDIA A10, 0, 100 %, 3351 MiB, 23028 MiB
2025/04/04 17:56:59.081, NVIDIA A10, 0, 100 %, 3351 MiB, 23028 MiB
2025/04/04 17:57:59.081, NVIDIA A10, 0, 86 %, 3351 MiB, 23028 MiB
2025/04/04 17:58:59.082, NVIDIA A10, 0, 100 %, 3351 MiB, 23028 MiB
2025/04/04 17:59:59.082, NVIDIA A10, 0, 100 %, 3351 MiB, 23028 MiB
2025/04/04 18:00:59.082, NVIDIA A10, 0, 92 %, 3351 MiB, 23028 MiB
2025/04/04 18:01:59.082, NVIDIA A10, 0, 100 %, 3351 MiB, 23028 MiB
2025/04/04 18:02:59.083, NVIDIA A10, 0, 100 %, 3351 MiB, 23028 MiB
2025/04/04 18:03:59.083, NVIDIA A10, 0, 85 %, 3351 MiB, 23028 MiB
2025/04/04 18:04:59.083, NVIDIA A10, 0, 100 %, 3351 MiB, 23028 MiB
2025/04/04 18:05:59.083, NVIDIA A10, 0, 94 %, 3351 MiB, 23028 MiB
2025/04/04 18:06:59.084, NVIDIA A10, 0, 100 %, 3351 MiB, 23028 MiB
2025/04/04 18:07:59.084, NVIDIA A10, 0, 100 %, 3351 MiB, 23028 MiB
2025/04/04 18:08:59.084, NVIDIA A10, 0, 100 %, 3351 MiB, 23028 MiB
2025/04/04 18:09:59.085, NVIDIA A10, 0, 85 %, 3351 MiB, 23028 MiB
2025/04/04 18:10:59.085, NVIDIA A10, 0, 100 %, 3351 MiB, 23028 MiB
2025/04/04 18:11:59.085, NVIDIA A10, 0, 85 %, 3351 MiB, 23028 MiB
2025/04/04 18:12:59.085, NVIDIA A10, 0, 100 %, 3351 MiB, 23028 MiB
2025/04/04 18:13:59.086, NVIDIA A10, 0, 100 %, 3351 MiB, 23028 MiB
2025/04/04 18:14:59.086, NVIDIA A10, 0, 86 %, 3351 MiB, 23028 MiB
2025/04/04 18:15:59.086, NVIDIA A10, 0, 100 %, 3351 MiB, 23028 MiB
2025/04/04 18:16:59.087, NVIDIA A10, 0, 86 %, 3351 MiB, 23028 MiB
2025/04/04 18:17:59.087, NVIDIA A10, 0, 100 %, 3351 MiB, 23028 MiB
2025/04/04 18:18:59.087, NVIDIA A10, 0, 100 %, 3351 MiB, 23028 MiB
2025/04/04 18:19:59.088, NVIDIA A10, 0, 100 %, 3351 MiB, 23028 MiB
2025/04/04 18:20:59.088, NVIDIA A10, 0, 100 %, 3351 MiB, 23028 MiB
2025/04/04 18:21:59.088, NVIDIA A10, 0, 85 %, 3351 MiB, 23028 MiB
2025/04/04 18:22:59.088, NVIDIA A10, 0, 100 %, 3351 MiB, 23028 MiB
2025/04/04 18:23:59.089, NVIDIA A10, 0, 86 %, 3351 MiB, 23028 MiB
2025/04/04 18:24:59.089, NVIDIA A10, 0, 100 %, 3351 MiB, 23028 MiB
2025/04/04 18:25:59.089, NVIDIA A10, 0, 100 %, 3351 MiB, 23028 MiB
2025/04/04 18:26:59.089, NVIDIA A10, 0, 100 %, 3351 MiB, 23028 MiB
2025/04/04 18:27:59.090, NVIDIA A10, 0, 100 %, 3351 MiB, 23028 MiB
2025/04/04 18:28:59.089, NVIDIA A10, 0, 100 %, 3351 MiB, 23028 MiB
2025/04/04 18:29:59.089, NVIDIA A10, 0, 100 %, 3351 MiB, 23028 MiB
2025/04/04 18:30:59.090, NVIDIA A10, 0, 100 %, 3351 MiB, 23028 MiB
2025/04/04 18:31:59.090, NVIDIA A10, 0, 100 %, 3351 MiB, 23028 MiB
2025/04/04 18:32:59.090, NVIDIA A10, 0, 90 %, 3351 MiB, 23028 MiB
2025/04/04 18:33:59.090, NVIDIA A10, 0, 100 %, 3351 MiB, 23028 MiB
2025/04/04 18:34:59.091, NVIDIA A10, 0, 100 %, 3351 MiB, 23028 MiB
2025/04/04 18:35:59.091, NVIDIA A10, 0, 100 %, 3351 MiB, 23028 MiB
2025/04/04 18:36:59.091, NVIDIA A10, 0, 100 %, 3351 MiB, 23028 MiB
2025/04/04 18:37:59.091, NVIDIA A10, 0, 85 %, 3351 MiB, 23028 MiB
2025/04/04 18:38:59.091, NVIDIA A10, 0, 100 %, 3351 MiB, 23028 MiB
2025/04/04 18:39:59.092, NVIDIA A10, 0, 100 %, 3351 MiB, 23028 MiB
2025/04/04 18:40:59.092, NVIDIA A10, 0, 100 %, 3351 MiB, 23028 MiB
2025/04/04 18:41:59.092, NVIDIA A10, 0, 100 %, 3351 MiB, 23028 MiB
2025/04/04 18:42:59.092, NVIDIA A10, 0, 86 %, 3351 MiB, 23028 MiB
2025/04/04 18:43:59.093, NVIDIA A10, 0, 100 %, 3351 MiB, 23028 MiB
2025/04/04 18:44:59.093, NVIDIA A10, 0, 85 %, 3351 MiB, 23028 MiB
2025/04/04 18:45:59.093, NVIDIA A10, 0, 100 %, 3351 MiB, 23028 MiB
2025/04/04 18:46:59.094, NVIDIA A10, 0, 100 %, 3351 MiB, 23028 MiB
2025/04/04 18:47:59.094, NVIDIA A10, 0, 100 %, 3351 MiB, 23028 MiB
2025/04/04 18:48:59.094, NVIDIA A10, 0, 95 %, 3351 MiB, 23028 MiB
2025/04/04 18:49:59.094, NVIDIA A10, 0, 100 %, 3351 MiB, 23028 MiB
2025/04/04 18:50:59.094, NVIDIA A10, 0, 100 %, 3351 MiB, 23028 MiB
2025/04/04 18:51:59.095, NVIDIA A10, 0, 100 %, 3351 MiB, 23028 MiB
2025/04/04 18:52:59.095, NVIDIA A10, 0, 85 %, 3351 MiB, 23028 MiB
2025/04/04 18:53:59.095, NVIDIA A10, 0, 100 %, 3351 MiB, 23028 MiB
2025/04/04 18:54:59.095, NVIDIA A10, 0, 100 %, 3351 MiB, 23028 MiB
2025/04/04 18:55:59.096, NVIDIA A10, 0, 85 %, 3351 MiB, 23028 MiB
2025/04/04 18:56:59.096, NVIDIA A10, 0, 100 %, 3351 MiB, 23028 MiB
2025/04/04 18:57:59.095, NVIDIA A10, 0, 100 %, 3351 MiB, 23028 MiB
2025/04/04 18:58:59.096, NVIDIA A10, 0, 100 %, 3351 MiB, 23028 MiB
2025/04/04 18:59:59.096, NVIDIA A10, 0, 85 %, 3351 MiB, 23028 MiB
2025/04/04 19:00:59.095, NVIDIA A10, 0, 100 %, 3351 MiB, 23028 MiB
2025/04/04 19:01:59.096, NVIDIA A10, 0, 100 %, 3351 MiB, 23028 MiB
2025/04/04 19:02:59.096, NVIDIA A10, 0, 100 %, 3351 MiB, 23028 MiB
2025/04/04 19:03:59.095, NVIDIA A10, 0, 85 %, 3351 MiB, 23028 MiB
2025/04/04 19:04:59.095, NVIDIA A10, 0, 100 %, 3351 MiB, 23028 MiB
2025/04/04 19:05:59.094, NVIDIA A10, 0, 100 %, 3351 MiB, 23028 MiB
2025/04/04 19:06:59.095, NVIDIA A10, 0, 100 %, 3351 MiB, 23028 MiB
2025/04/04 19:07:59.095, NVIDIA A10, 0, 100 %, 3351 MiB, 23028 MiB
2025/04/04 19:08:59.095, NVIDIA A10, 0, 100 %, 3351 MiB, 23028 MiB
2025/04/04 19:09:59.094, NVIDIA A10, 0, 100 %, 3351 MiB, 23028 MiB
2025/04/04 19:10:59.095, NVIDIA A10, 0, 100 %, 3351 MiB, 23028 MiB
2025/04/04 19:11:59.094, NVIDIA A10, 0, 100 %, 3351 MiB, 23028 MiB
2025/04/04 19:12:59.094, NVIDIA A10, 0, 100 %, 3351 MiB, 23028 MiB
2025/04/04 19:13:59.093, NVIDIA A10, 0, 100 %, 3351 MiB, 23028 MiB
2025/04/04 19:14:59.092, NVIDIA A10, 0, 100 %, 3351 MiB, 23028 MiB
2025/04/04 19:15:59.092, NVIDIA A10, 0, 100 %, 3351 MiB, 23028 MiB
2025/04/04 19:16:59.091, NVIDIA A10, 0, 100 %, 3351 MiB, 23028 MiB
2025/04/04 19:17:59.091, NVIDIA A10, 0, 100 %, 3351 MiB, 23028 MiB
2025/04/04 19:18:59.090, NVIDIA A10, 0, 100 %, 3351 MiB, 23028 MiB
2025/04/04 19:19:59.090, NVIDIA A10, 0, 100 %, 3351 MiB, 23028 MiB
2025/04/04 19:20:59.090, NVIDIA A10, 0, 100 %, 3351 MiB, 23028 MiB
2025/04/04 19:21:59.090, NVIDIA A10, 0, 100 %, 3351 MiB, 23028 MiB
2025/04/04 19:22:59.090, NVIDIA A10, 0, 100 %, 3351 MiB, 23028 MiB
2025/04/04 19:23:59.089, NVIDIA A10, 0, 91 %, 3351 MiB, 23028 MiB
2025/04/04 19:24:59.090, NVIDIA A10, 0, 100 %, 3351 MiB, 23028 MiB
2025/04/04 19:25:59.090, NVIDIA A10, 0, 100 %, 3351 MiB, 23028 MiB
2025/04/04 19:26:59.090, NVIDIA A10, 0, 100 %, 3351 MiB, 23028 MiB
2025/04/04 19:27:59.091, NVIDIA A10, 0, 100 %, 3351 MiB, 23028 MiB
2025/04/04 19:28:59.090, NVIDIA A10, 0, 0 %, 3351 MiB, 23028 MiB
2025/04/04 19:29:59.089, NVIDIA A10, 0, 0 %, 3351 MiB, 23028 MiB
2025/04/04 19:30:59.089, NVIDIA A10, 0, 0 %, 1 MiB, 23028 MiB
2025/04/04 19:31:59.089, NVIDIA A10, 0, 0 %, 1 MiB, 23028 MiB
2025/04/04 19:32:59.088, NVIDIA A10, 0, 0 %, 1 MiB, 23028 MiB
2025/04/04 19:33:59.088, NVIDIA A10, 0, 0 %, 1 MiB, 23028 MiB
2025/04/04 19:34:59.087, NVIDIA A10, 0, 0 %, 1 MiB, 23028 MiB
2025/04/04 19:35:59.087, NVIDIA A10, 0, 0 %, 1 MiB, 23028 MiB
2025/04/04 19:36:59.088, NVIDIA A10, 0, 0 %, 1 MiB, 23028 MiB
2025/04/04 19:37:59.087, NVIDIA A10, 0, 0 %, 1 MiB, 23028 MiB
